<?xml version="1.0" encoding="UTF-8"?>
<!DOCTYPE mapper PUBLIC "-//mybatis.org//DTD Mapper 3.0//EN" "http://mybatis.org/dtd/mybatis-3-mapper.dtd">
<mapper namespace="dao.OrdersMapper">
  <resultMap id="BaseResultMap" type="model.Orders">
    <id column="id" jdbcType="INTEGER" property="id" />
    <result column="ordernumber" jdbcType="VARCHAR" property="ordernumber" />
    <result column="name" jdbcType="VARCHAR" property="name" />
    <result column="price" jdbcType="VARCHAR" property="price" />
  </resultMap>
  <sql id="Base_Column_List">
    id, ordernumber, name, price
  </sql>
  <select id="selectByPrimaryKey" parameterType="java.lang.Integer" resultMap="BaseResultMap">
    select 
    <include refid="Base_Column_List" />
    from orders
    where id = #{id,jdbcType=INTEGER}
  </select>
  <delete id="deleteByPrimaryKey" parameterType="java.lang.Integer">
    delete from orders
    where id = #{id,jdbcType=INTEGER}
  </delete>
  <insert id="insert" parameterType="model.Orders">
    insert into orders (id, ordernumber, name, 
      price)
    values (#{id,jdbcType=INTEGER}, #{ordernumber,jdbcType=VARCHAR}, #{name,jdbcType=VARCHAR}, 
      #{price,jdbcType=VARCHAR})
  </insert>
  <insert id="insertSelective" parameterType="model.Orders">
    insert into orders
    <trim prefix="(" suffix=")" suffixOverrides=",">
      <if test="id != null">
        id,
      </if>
      <if test="ordernumber != null">
        ordernumber,
      </if>
      <if test="name != null">
        name,
      </if>
      <if test="price != null">
        price,
      </if>
    </trim>
    <trim prefix="values (" suffix=")" suffixOverrides=",">
      <if test="id != null">
        #{id,jdbcType=INTEGER},
      </if>
      <if test="ordernumber != null">
        #{ordernumber,jdbcType=VARCHAR},
      </if>
      <if test="name != null">
        #{name,jdbcType=VARCHAR},
      </if>
      <if test="price != null">
        #{price,jdbcType=VARCHAR},
      </if>
    </trim>
  </insert>
  <update id="updateByPrimaryKeySelective" parameterType="model.Orders">
    update orders
    <set>
      <if test="ordernumber != null">
        ordernumber = #{ordernumber,jdbcType=VARCHAR},
      </if>
      <if test="name != null">
        name = #{name,jdbcType=VARCHAR},
      </if>
      <if test="price != null">
        price = #{price,jdbcType=VARCHAR},
      </if>
    </set>
    where id = #{id,jdbcType=INTEGER}
  </update>
  <update id="updateByPrimaryKey" parameterType="model.Orders">
    update orders
    set ordernumber = #{ordernumber,jdbcType=VARCHAR},
      name = #{name,jdbcType=VARCHAR},
      price = #{price,jdbcType=VARCHAR}
    where id = #{id,jdbcType=INTEGER}
  </update>
</mapper>