<?xml version="1.0" encoding="UTF-8"?>
<!DOCTYPE mapper PUBLIC "-//mybatis.org//DTD Mapper 3.0//EN" "http://mybatis.org/dtd/mybatis-3-mapper.dtd">
<mapper namespace="dao.UsersMapper">
  <resultMap id="BaseResultMap" type="model.Users">
    <id column="id" jdbcType="INTEGER" property="id" />
    <result column="name" jdbcType="CHAR" property="name" />
    <result column="sex" jdbcType="CHAR" property="sex" />
  </resultMap>
  <sql id="Base_Column_List">
    id, name, sex
  </sql>
  <select id="selectByPrimaryKey" parameterType="java.lang.Integer" resultMap="BaseResultMap">
    select 
    <include refid="Base_Column_List" />
    from users
    where id = #{id,jdbcType=INTEGER}
  </select>
  <delete id="deleteByPrimaryKey" parameterType="java.lang.Integer">
    delete from users
    where id = #{id,jdbcType=INTEGER}
  </delete>
  <insert id="insert" parameterType="model.Users">
    insert into users (id, name, sex)
    values (#{id,jdbcType=INTEGER}, #{name,jdbcType=CHAR}, #{sex,jdbcType=CHAR})
  </insert>
  <insert id="insertSelective" parameterType="model.Users">
    insert into users
    <trim prefix="(" suffix=")" suffixOverrides=",">
      <if test="id != null">
        id,
      </if>
      <if test="name != null">
        name,
      </if>
      <if test="sex != null">
        sex,
      </if>
    </trim>
    <trim prefix="values (" suffix=")" suffixOverrides=",">
      <if test="id != null">
        #{id,jdbcType=INTEGER},
      </if>
      <if test="name != null">
        #{name,jdbcType=CHAR},
      </if>
      <if test="sex != null">
        #{sex,jdbcType=CHAR},
      </if>
    </trim>
  </insert>
  <update id="updateByPrimaryKeySelective" parameterType="model.Users">
    update users
    <set>
      <if test="name != null">
        name = #{name,jdbcType=CHAR},
      </if>
      <if test="sex != null">
        sex = #{sex,jdbcType=CHAR},
      </if>
    </set>
    where id = #{id,jdbcType=INTEGER}
  </update>
  <update id="updateByPrimaryKey" parameterType="model.Users">
    update users
    set name = #{name,jdbcType=CHAR},
      sex = #{sex,jdbcType=CHAR}
    where id = #{id,jdbcType=INTEGER}
  </update>
</mapper>